{
  "figure": "accuracy_distribution",
  "description": "Detection accuracy across all experimental runs with normal distribution fit and 95% confidence interval.",
  "data": {
    "num_runs": 10,
    "accuracies": [
      0.7333333333333333,
      0.5333333333333333,
      0.6,
      0.4666666666666667,
      0.5333333333333333,
      0.8666666666666667,
      0.5333333333333333,
      0.6666666666666666,
      0.5333333333333333,
      0.6
    ],
    "mean": 0.6066666666666666,
    "std": 0.11946382271747209,
    "standard_error": 0.03777777777777777,
    "ci_95": [
      0.5212073960720678,
      0.6921259372612654
    ],
    "random_baseline": 0.1,
    "separate_detective_acc": [
      0.7333333333333333,
      0.5333333333333333
    ],
    "auditor_as_detective_acc": [
      0.6,
      0.4666666666666667,
      0.5333333333333333,
      0.8666666666666667,
      0.5333333333333333,
      0.6666666666666666,
      0.5333333333333333,
      0.6
    ]
  },
  "analysis": "Across 10 independent runs (each 20 trials, 15 scored), the mean detection accuracy is 60.7% (SD=0.12). The 95% confidence interval is [52.1%, 69.2%], well above the random baseline of 10%. A one-sample t-test against the random baseline yields t(9)=13.41, p=0.0000, confirming that detection accuracy is significantly above chance."
}