{
  "figure": "per_trial_accuracy_curve",
  "description": "Per-trial detection accuracy averaged across all runs, showing learning progression.",
  "data": {
    "num_runs": 9,
    "num_trials": 20,
    "warmup": 5,
    "mean_per_trial": [
      0.6666666666666666,
      0.7777777777777778,
      0.6666666666666666,
      0.6666666666666666,
      0.2222222222222222,
      0.6666666666666666,
      0.5555555555555556,
      0.5555555555555556,
      0.6666666666666666,
      0.4444444444444444,
      0.4444444444444444,
      0.4444444444444444,
      1.0,
      0.6666666666666666,
      0.2222222222222222,
      0.6666666666666666,
      0.6666666666666666,
      0.6666666666666666,
      0.4444444444444444,
      0.7777777777777778
    ],
    "se_per_trial": [
      0.16666666666666666,
      0.1469861839480328,
      0.16666666666666666,
      0.16666666666666666,
      0.1469861839480328,
      0.16666666666666666,
      0.17568209223157663,
      0.17568209223157663,
      0.16666666666666666,
      0.17568209223157663,
      0.17568209223157663,
      0.17568209223157663,
      0.0,
      0.16666666666666666,
      0.1469861839480328,
      0.16666666666666666,
      0.16666666666666666,
      0.16666666666666666,
      0.17568209223157663,
      0.1469861839480328
    ],
    "cumulative_accuracy": [
      0.6666666666666666,
      0.6111111111111112,
      0.5925925925925927,
      0.6111111111111112,
      0.5777777777777778,
      0.5555555555555557,
      0.5396825396825398,
      0.5972222222222222,
      0.6049382716049383,
      0.5666666666666667,
      0.5757575757575758,
      0.5833333333333334,
      0.5897435897435899,
      0.5793650793650794,
      0.5925925925925928
    ]
  },
  "analysis": "Averaged over 9 runs, the per-trial accuracy shows the detective's performance at each trial position. Early trials (0-4) serve as warmup. The cumulative accuracy curve (red) shows the running average from trial 5 onward. If the Auditor's iterative refinement is effective, later trials should show higher accuracy."
}