{
  "figure": "rationale_keyword_analysis",
  "description": "Frequency of fingerprint-related keywords in detective rationales.",
  "data": {
    "total_rationales": 135,
    "top_keywords": {
      "same": 123,
      "paraphrase": 93,
      "structure": 87,
      "identical": 77,
      "style": 75,
      "similar": 67,
      "formal": 20,
      "rewrite": 18,
      "vocabulary": 11,
      "verbose": 10,
      "tone": 10,
      "punctuation": 9,
      "lexical": 8,
      "match": 8,
      "length": 8
    },
    "keyword_frequencies": {
      "same": 0.9111111111111111,
      "paraphrase": 0.6888888888888889,
      "structure": 0.6444444444444445,
      "identical": 0.5703703703703704,
      "style": 0.5555555555555556,
      "similar": 0.4962962962962963,
      "formal": 0.14814814814814814,
      "rewrite": 0.13333333333333333,
      "vocabulary": 0.08148148148148149,
      "verbose": 0.07407407407407407,
      "tone": 0.07407407407407407,
      "punctuation": 0.06666666666666667,
      "lexical": 0.05925925925925926,
      "match": 0.05925925925925926,
      "length": 0.05925925925925926
    }
  },
  "analysis": "Across 135 detective rationales, the most frequently mentioned fingerprint features are: 'same' (91%), 'paraphrase' (69%), 'structure' (64%), 'identical' (57%), 'style' (56%). This reveals which stylistic dimensions the detective relies on most heavily when distinguishing paraphrasers. Length and structural features appear prominently, suggesting these are the most salient fingerprint dimensions."
}